key,ma_type,entry_ma_value,entry_mode,stop_type,exit_type,rr_value,exit_ma_value,trades,resolved,wins,losses,unresolved,wr,gross_profit_pts,gross_loss_pts,gross_profit_dol,gross_loss_dol,commission_total,slippage_total,net_profit,pf_dol,expectancy_dol,expectancy_R,avg_win_pts,avg_loss_pts,avg_win_dol,avg_loss_dol,max_dd_dol,max_dd_pct,mls,final_balance,avg_hold,med_hold,sharpe,sortino,long_trades,long_wr,long_pf,long_net,long_ev,short_trades,short_wr,short_pf,short_net,short_ev
EMA200_two_confirm_candle_MAexit200,EMA,200,two_confirm,candle,ma_close,,200,10470,10469,1220,9249,1,11.653453051867418,129448.0,100741.0,113052.6875,96614.390625,7579.009765625,5684.25732421875,16438.3046875,1.170143358237426,1.5701886223612571,0.1570188622361257,106.10491943359375,-10.892096519470215,92.66613729508197,-10.445928276029841,2636.123046875,88.87194061279297,63,17437.908203125,21.53309771706944,3.0,2.7098510033282674,72.09186908050033,5188,12.181958365458751,1.29919007823248,14229.35546875,2.742743922272552,5281,11.134254875970461,1.0450302208952629,2208.949462890625,0.418282420543576
SMA144_two_confirm_fixed_6_MAexit144,SMA,144,two_confirm,fixed_6,ma_close,,144,10921,10921,771,10150,0,7.059793059243659,87432.0,60018.0,143920.984375,123713.34375,14561.33203125,10921.0,20207.66015625,1.1633424496700664,1.8503488834584745,0.18503488834584744,113.4007797241211,-5.9131035804748535,186.66794341763944,-12.188506773399014,4204.330078125,118.63216400146484,80,21207.658203125,12.335866678875561,1.0,2.502848722541384,161.85535605682037,5490,7.413479052823316,1.2648467271716042,16409.99609375,2.989070326730419,5431,6.702264776284293,1.0614975777051332,3797.66259765625,0.6992566005627416
SMA144_two_confirm_fixed_6_MAexit84,SMA,144,two_confirm,fixed_6,ma_close,,84,10917,10917,1565,9352,0,14.33544013923239,79104.0,54336.0,128188.328125,112381.3359375,14555.998046875,10917.0,15806.994140625,1.140654958900746,1.4479247174704588,0.14479247174704588,50.54568862915039,-5.810093879699707,81.9094748402556,-12.016823774326348,5490.3544921875,157.151611328125,51,16808.005859375,8.240359073005404,1.0,2.334596481491781,86.4147822766281,5488,14.759475218658894,1.1840228543324547,10324.6640625,1.8813163379190962,5429,13.906796831829066,1.0974187209023385,5482.330078125,1.0098231862451648
SMA144_two_confirm_fixed_8_MAexit144,SMA,144,two_confirm,fixed_8,ma_close,,144,10920,10919,969,9950,1,8.874439051195164,106264.0,78096.0,131134.25,115032.5,10919.0,8189.25,16101.75,1.1399756590528765,1.4746542723692646,0.14746542723692646,109.66357421875,-7.848844051361084,135.32946336429308,-11.561055276381909,3500.75,131.5767364501953,79,17101.75,15.04524223830021,2.0,2.4236885435235163,113.17654682871411,5488,9.256559766763848,1.2203180672634049,12676.0,2.3097667638483963,5431,8.488307862272142,1.0595808513413627,3425.75,0.6307770208064813
SMA144_two_confirm_candle_MAexit144,SMA,144,two_confirm,candle,ma_close,,144,10894,10893,1245,9648,1,11.42935830349766,136264.0,106069.0,115293.5390625,101539.640625,7934.03515625,5950.5263671875,13753.890625,1.1354534874541762,1.2626356949417057,0.12626356949417056,109.4489974975586,-10.993885040283203,92.60525225903615,-10.5244237795398,3267.070556640625,96.72338104248047,78,14753.51953125,19.68429266501423,3.0,2.4998556717583065,60.08230739396191,5474,11.746437705516989,1.204528340703788,10376.53125,1.8956030781877968,5419,11.109060712308544,1.0664760096987174,3377.3583984375,0.6232438454396567
EMA200_one_break_candle_MAexit200,EMA,200,one_break,candle,ma_close,,200,15311,15310,1882,13428,1,12.292619203135207,175520.0,138568.0,122101.140625,107566.59375,8825.2919921875,6618.96875,14534.546875,1.1351213826551052,0.9493498938602221,0.09493498938602221,93.26248931884766,-10.31933307647705,64.8783956562168,-8.01061913538874,3046.534423828125,79.62348175048828,53,15534.0146484375,19.505943827563684,2.0,2.4828989433335003,35.783027108995704,7655,12.658393207054214,1.2493937987270756,13401.9775390625,1.7507482088912476,7655,11.9268451992162,1.0210403170724556,1132.568603515625,0.14795148315031026
EMA144_two_confirm_candle_MAexit144,EMA,144,two_confirm,candle,ma_close,,144,12399,12398,1552,10846,1,12.518148088401354,147456.0,116994.0,127375.71875,112662.375,8994.044921875,6745.5341796875,14713.3447265625,1.1305967830875214,1.186751470121189,0.1186751470121189,95.01030731201172,-10.786833763122559,82.0719837306701,-10.387458510049788,4173.5625,134.5653076171875,57,15712.892578125,18.06355863849008,3.0,2.4828932196283007,56.81235738699879,6276,12.954110898661567,1.1897194514084035,10787.841796875,1.71890404666587,6122,12.071218556027443,1.0703491580885967,3925.50341796875,0.6412125805241343
SMA200_one_break_candle_MAexit200,SMA,200,one_break,candle,ma_close,,200,13106,13105,1473,11632,1,11.23998473864937,158752.0,126366.0,110376.984375,97644.1875,7597.97705078125,5698.48291015625,12732.794921875,1.1303999470014536,0.9715982389832125,0.09715982389832126,107.77461242675781,-10.863652229309082,74.933458503055,-8.394445280261348,4337.8466796875,128.04750061035156,57,13732.509765625,21.94963754292255,2.0,2.3662526154958403,35.347063452229044,6553,11.689302609491836,1.2014958741123003,9804.98046875,1.4962582738821915,6552,10.790598290598291,1.0597717683558383,2927.8154296875,0.4468582768143315
SMA144_two_confirm_fixed_10_MAexit144,SMA,144,two_confirm,fixed_10,ma_close,,144,10920,10919,1133,9786,1,10.376408095979485,122784.0,94000.0,121197.7890625,107700.40625,8735.201171875,6551.3994140625,13497.3955078125,1.1253234159690089,1.2361384291430075,0.12361384291430075,108.37069702148438,-9.605559349060059,106.97068761032656,-11.005559600449622,3230.8125,121.1046371459961,79,14496.009765625,17.78688524590164,3.0,2.364435466856149,80.05400016668442,5488,10.677842565597667,1.2128952819182186,11454.798828125,2.087244684425109,5431,10.071809979745904,1.037899153122566,2042.5985107421875,0.3760998915010472
EMA200_two_confirm_fixed_8_MAexit200,EMA,200,two_confirm,fixed_8,ma_close,,200,10470,10469,944,9525,1,9.017098099149871,99808.0,74616.0,123108.0,109938.75,10469.0,7851.75,13169.25,1.1197871542108675,1.2579281688795492,0.1257928168879549,105.72881317138672,-7.833700656890869,130.41101694915255,-11.54212598425197,4414.5,77.12266540527344,63,14169.25,16.453242907632056,2.0,1.8749312647469778,90.2131440311838,5188,9.888203546646105,1.2614455321807956,14121.0,2.721858134155744,5281,8.161333080855899,0.9829824326136516,-951.75,-0.18022154894906267
EMA200_two_confirm_fixed_10_MAexit200,EMA,200,two_confirm,fixed_10,ma_close,,200,10470,10469,1098,9371,1,10.488107746680676,116160.0,89666.0,114622.796875,102785.40625,8375.201171875,6281.3994140625,11837.3955078125,1.1151660635188665,1.1307092853006495,0.11307092853006495,105.79235076904297,-9.568455696105957,104.39234688069217,-10.96845654145769,4069.26904296875,89.63037109375,63,12836.0078125,19.47654981373579,3.0,1.9634370983155816,69.42552759997038,5188,11.333847340015419,1.2657942440580645,13408.796875,2.5845791971858136,5281,9.657261882219277,0.969975463442395,-1571.40283203125,-0.2975578170860159
EMA200_two_confirm_candle_MAexit9,EMA,200,two_confirm,candle,ma_close,,9,10432,10432,2567,7865,0,24.606978527607364,93504.0,72551.0,80661.328125,72396.421875,7554.8662109375,5666.1494140625,8264.8994140625,1.1141618057349605,0.7922641309492428,0.07922641309492427,36.42539978027344,-9.224538803100586,31.422410644721463,-9.204885171646536,1656.1617431640625,58.69992446899414,39,9264.8505859375,4.708109662576687,2.0,2.793525662896989,22.262615637719396,5174,25.280247390800152,1.1893465214230843,6732.8701171875,1.301289160646985,5258,23.94446557626474,1.0415883571262847,1532.02880859375,0.2913710172296976
EMA200_two_confirm_candle_MAexit144,EMA,200,two_confirm,candle,ma_close,,144,10342,10342,1399,8943,0,13.527364146199961,116912.0,93478.0,100519.875,90250.078125,7489.81884765625,5617.3642578125,10269.79296875,1.1137926646531642,0.9930180785873138,0.09930180785873138,83.5682601928711,-10.452644348144531,71.85123302358828,-10.091700561891983,2125.669921875,81.25692749023438,53,11269.61328125,17.308547669696384,3.0,2.028536130785966,36.151571472323546,5128,14.235569422776912,1.1707234854955944,7573.095703125,1.4768127346187598,5214,12.83084004602992,1.058762819028682,2696.6982421875,0.5172033452603567
EMA144_two_confirm_fixed_6_MAexit84,EMA,144,two_confirm,fixed_6,ma_close,,84,12394,12394,1354,11040,0,10.924640955300951,89880.0,63540.0,146640.65625,131660.0,16525.33203125,12394.0,14980.6611328125,1.113782897235303,1.2087026894313782,0.12087026894313782,66.38109588623047,-5.755434989929199,108.30181406942393,-11.92572463768116,6812.29052734375,150.10513305664062,69,15982.126953125,8.633451670162982,1.0,2.058676906841102,68.0518696414472,6273,11.398055157022158,1.1326659481257533,8779.6640625,1.399595737685318,6121,10.439470674726351,1.0946986205873788,6200.99560546875,1.013069041899812
SMA200_two_confirm_candle_MAexit200,SMA,200,two_confirm,candle,ma_close,,200,9003,9002,927,8075,1,10.297711619640081,111672.0,89483.0,94823.90625,85418.453125,6563.443359375,4922.5830078125,9405.4443359375,1.1101103190341812,1.044817189062153,0.1044817189062153,120.46601867675781,-11.081485748291016,102.29116100323624,-10.578136609907121,3231.849609375,68.7289810180664,63,10405.169921875,23.146522994890024,3.0,1.70795586939835,46.77690437725323,4554,11.133069828722004,1.2993219032723191,12786.201171875,2.807685808492534,4448,9.442446043165468,0.9208277386544119,-3380.7568359375,-0.7600622382953013
SMA 84_two_confirm_candle_MAexit84,SMA,84,two_confirm,candle,ma_close,,84,14347,14346,1877,12469,1,13.083786421302104,168704.0,135879.0,144888.15625,130569.5,10533.279296875,7899.958984375,14318.66015625,1.1096631008773106,0.9980942531890422,0.09980942531890422,89.87959289550781,-10.897345542907715,77.19134589770911,-10.471529392894379,3859.76953125,95.35916137695312,56,15318.158203125,14.749546912031228,3.0,2.5454093461020966,51.26468862373079,7133,13.851114538062525,1.2240455634087795,14397.17578125,2.0183899875578297,7213,12.32496880632192,0.9988158035499266,-78.5181884765625,-0.01088564931048974
HMA144_two_confirm_candle_MAexit21,HMA,144,two_confirm,candle,ma_close,,21,19651,19651,5622,14029,0,28.609231082387666,167432.0,127857.0,143405.703125,129579.9765625,14692.91015625,11019.68359375,13825.7177734375,1.106696473708895,0.7035630641411379,0.07035630641411379,29.781572341918945,-9.113764762878418,25.50795146300249,-9.236579696521492,2027.5062255859375,59.94164276123047,21,14825.1494140625,3.4537682560683933,2.0,4.199426182488249,25.91496389929105,9809,29.401569986746868,1.1736397975156059,11149.4384765625,1.1366539378695586,9842,27.819548872180448,1.0409406487037922,2676.279052734375,0.27192430936134676
SMA 55_two_confirm_candle_MAexit34,SMA,55,two_confirm,candle,ma_close,,34,17507,17506,3306,14200,1,18.88495373014966,185040.0,147322.0,157897.40625,142895.765625,12838.9619140625,9629.2216796875,15001.6328125,1.1049831012093714,0.8569423519079172,0.08569423519079172,55.97096252441406,-10.374788284301758,47.760860934664244,-10.063082086267606,2422.898681640625,85.64737701416016,40,16001.0537109375,8.996801096766823,2.0,3.140680795283888,37.901979576758805,8786,19.166856362394718,1.1539841754598377,11013.0537109375,1.2534775450645914,8720,18.60091743119266,1.0558819073872026,3988.58056640625,0.45740602825759746
HMA200_two_confirm_candle_MAexit21,HMA,200,two_confirm,candle,ma_close,,21,16685,16685,4756,11929,0,28.504644890620316,142048.0,108965.0,121746.59375,110199.796875,12423.798828125,9317.8486328125,11546.796875,1.1047805640521966,0.6920465612825891,0.0692046561282589,29.867115020751953,-9.134462356567383,25.5985268608074,-9.237974421577668,3111.889892578125,124.86965942382812,26,12546.40234375,3.4435720707222055,2.0,3.716292062125948,23.77756048578728,8383,28.891804843134917,1.1355892477687302,7441.3759765625,0.8876745767103066,8302,28.113707540351722,1.0742149812310395,4105.4208984375,0.4945098649045411
SMA144_two_confirm_fixed_8_MAexit84,SMA,144,two_confirm,fixed_8,ma_close,,84,10911,10911,1863,9048,0,17.07451196040693,93144.0,69432.0,113169.75,102624.0,10911.0,8183.25,10545.75,1.1027610500467726,0.9665246081935661,0.0966524608193566,49.99678039550781,-7.673739910125732,60.74597423510467,-11.342175066312997,4316.25,170.58590698242188,51,11545.75,9.825772156539273,1.0,1.9476045379749045,51.044593957946084,5483,17.453948568302025,1.1444273005146435,7394.75,1.3486686120736824,5428,16.69123065585851,1.0612754868882903,3151.0,0.5805084745762712
SMA 84_two_confirm_fixed_6_MAexit84,SMA,84,two_confirm,fixed_6,ma_close,,84,14393,14393,1173,13220,0,8.149795039255194,108000.0,77964.0,177263.0,160786.671875,19190.666015625,14393.0,16476.328125,1.1024732207767143,1.1447459268394358,0.11447459268394358,92.07160949707031,-5.897428035736084,151.11935208866154,-12.162380625945538,6297.57080078125,197.3955841064453,90,17476.955078125,9.328701452094768,1.0,2.0260238529149572,105.94746759944412,7155,8.930817610062892,1.2279135405093178,18051.6640625,2.522943964011181,7238,7.3777286543243985,0.9806902162702673,-1575.3359375,-0.21764796041724233
HMA200_one_break_candle_MAexit200,HMA,200,one_break,candle,ma_close,,200,24292,24291,4071,20220,1,16.759293565518092,274232.0,221305.0,187949.046875,170600.84375,14058.580078125,10543.935546875,17348.1875,1.101688847157299,0.7141816928080359,0.07141816928080359,67.36231994628906,-10.944856643676758,46.167783560550234,-8.437232628585559,2779.037353515625,95.82434844970703,41,18347.958984375,11.117327405211807,3.0,3.600039052880263,33.38261969500258,12146,17.026181458916515,1.1687312219686223,14210.1787109375,1.1699472016250205,12145,16.492383696994647,1.0363266759072467,3138.00634765625,0.2583784559618156
SMA144_one_break_candle_MAexit144,SMA,144,one_break,candle,ma_close,,144,15896,15895,1932,13963,1,12.154765649575339,186400.0,149917.0,127513.640625,115746.625,9176.71484375,6882.53564453125,11767.009765625,1.1016618465117234,0.7402963048521548,0.07402963048521548,96.48033142089844,-10.736732482910156,66.00084918478261,-8.289524099405572,2784.9970703125,70.29521942138672,65,12766.41015625,18.27448883296634,2.0,2.207453258406819,29.11431127847198,7948,12.669854051333667,1.1653046074524052,9502.0849609375,1.1955315753570082,7947,11.639612432364414,1.0388732763011466,2264.925537109375,0.2850038425958695
EMA 84_two_confirm_candle_MAexit84,EMA,84,two_confirm,candle,ma_close,,84,16433,16432,2257,14175,1,13.73539435248296,185208.0,149993.0,159914.5625,145311.46875,11906.08203125,8929.5625,14603.076171875,1.1004951217933374,0.8886974301287123,0.08886974301287123,82.05937194824219,-10.581517219543457,70.85270824102791,-10.25125,4402.701171875,92.95401763916016,50,15602.494140625,13.613193768257059,3.0,2.466446774525038,45.50472718623002,8246,14.079553723017222,1.2088589375355794,15134.18359375,1.8353363562636429,8186,13.388712435866113,0.9927095721852301,-531.109375,-0.06488020706083557
SMA 84_two_confirm_candle_MAexit34,SMA,84,two_confirm,candle,ma_close,,34,14229,14228,3114,11114,1,21.8864211414113,145216.0,116689.0,124367.921875,113281.4609375,10446.53515625,7834.90087890625,11086.4677734375,1.0978665074209861,0.7792007150293435,0.07792007150293435,46.633270263671875,-10.499279975891113,39.938317878933844,-10.192681387214325,3154.992431640625,169.28707885742188,38,12086.2080078125,8.444264829912848,2.0,2.6354621097444384,32.59398624383563,7075,22.586572438162545,1.1684228885633918,9362.302734375,1.32329367270318,7153,21.193904655389346,1.0298850252520328,1724.16357421875,0.24104062270638194
SMA 55_two_confirm_candle_MAexit9,SMA,55,two_confirm,candle,ma_close,,9,17561,17561,4272,13289,0,24.326632879676556,161872.0,127891.0,139218.875,126817.0078125,12877.1435546875,9657.857421875,12401.8662109375,1.0977934064320163,0.7062164006000512,0.07062164006000513,37.89138412475586,-9.623824119567871,32.58868796816479,-9.543006081157348,2114.230224609375,107.0408706665039,44,13401.3408203125,4.57451170206708,3.0,3.2951039238172415,27.35205019612508,8812,24.61416250567408,1.1515331783362759,9607.970703125,1.0903280416619383,8749,24.037032803749,1.0440594013052558,2793.896484375,0.3193389512372843
SMA 84_one_break_candle_MAexit84,SMA,84,one_break,candle,ma_close,,84,20876,20875,2894,17981,1,13.863473053892218,235528.0,190567.0,161665.109375,147300.84375,12012.1083984375,9009.08203125,14364.275390625,1.0975165196567314,0.688109000748503,0.0688109000748503,81.38493347167969,-10.59824275970459,55.86216633552177,-8.192027348312108,2672.80078125,124.22013092041016,58,15363.5771484375,14.025964071856288,2.0,2.6869637277434335,30.119800653559473,10437,14.285714285714285,1.1672262214548665,12290.8359375,1.1776215327680368,10438,13.441272274382065,1.028094483487937,2073.43994140625,0.19864341266586033
EMA144_two_confirm_fixed_8_MAexit144,EMA,144,two_confirm,fixed_8,ma_close,,144,12400,12399,1209,11190,1,9.750786353738205,114744.0,87376.0,141314.25,128802.5,12399.0,9299.25,12511.75,1.097139030686516,1.0090934752802645,0.10090934752802645,94.90818786621094,-7.8084001541137695,116.88523573200993,-11.510500446827525,5146.75,179.9091033935547,65,13511.75,13.890313734978628,2.0,1.811245673138099,73.49137080966132,6276,10.086042065009561,1.1198703979152975,7797.0,1.2423518164435947,6123,9.407153356197941,1.0739484529210404,4714.75,0.7700065327453862
SMA 55_two_confirm_candle_MAexit55,SMA,55,two_confirm,candle,ma_close,,55,17628,17627,2563,15064,1,14.540194020536676,200240.0,162221.0,171347.65625,156181.71875,12925.359375,9694.01953125,15165.9228515625,1.0971044346379368,0.8603802604846259,0.08603802604846258,78.127197265625,-10.768786430358887,66.85433330081935,-10.367878302575678,3424.494140625,79.73965454101562,45,16165.2919921875,12.058943665966982,3.0,2.7832478278989945,45.62079877166551,8848,14.63607594936709,1.1518244090874779,11879.2900390625,1.3425960713226153,8779,14.443558491855566,1.0421699041466421,3286.633544921875,0.3743744782915907
HMA200_two_confirm_candle_MAexit34,HMA,200,two_confirm,candle,ma_close,,34,16625,16625,4335,12290,0,26.075187969924812,152752.0,119583.0,130603.46875,119054.8671875,12369.6953125,9277.271484375,11548.603515625,1.0970023471977173,0.6946528430451128,0.06946528430451128,35.236907958984375,-9.73010540008545,30.127674452133796,-9.687133212978031,2836.97998046875,95.78424835205078,24,12548.1240234375,4.451428571428571,3.0,3.391017087857185,26.000280878112072,8352,26.50862068965517,1.1289439877092189,7665.07177734375,0.9177528469041846,8273,25.63761634231839,1.065149095994236,3883.53173828125,0.46942242696497644
EMA144_two_confirm_candle_MAexit84,EMA,144,two_confirm,candle,ma_close,,84,12256,12256,1995,10261,0,16.277741514360315,131840.0,105769.0,112688.3984375,102725.2890625,8889.453125,6667.08984375,9963.1171875,1.0969878933018944,0.812917525089752,0.0812917525089752,66.08521270751953,-10.307865142822266,56.485412750626566,-10.011235655637853,3883.43701171875,98.10118103027344,44,10962.8291015625,13.095055483028721,2.0,2.0353756052178458,30.82539965623511,6208,16.736469072164947,1.1083169220452722,5592.935546875,0.9009238960816688,6048,15.806878306878309,1.085538258278647,4370.1806640625,0.7225827817563657
HMA200_one_break_candle_MAexit21,HMA,200,one_break,candle,ma_close,,21,23703,23703,7202,16501,0,30.384339535079945,209736.0,165413.0,144665.03125,132114.234375,13811.166015625,10358.375,12550.77734375,1.0949995807368884,0.5295016387693541,0.05295016387693541,29.121910095214844,-10.024422645568848,20.086785788669815,-8.006438056784438,2780.041259765625,92.3099136352539,26,13550.1171875,3.5878158882841835,2.0,4.084912179990958,21.491851145993355,11851,30.950974601299468,1.1469684500330135,9611.296875,0.8110114652771918,11852,29.817752278096528,1.0440587240437635,2939.47998046875,0.24801552315801131
EMA144_two_confirm_fixed_10_MAexit144,EMA,144,two_confirm,fixed_10,ma_close,,144,12399,12398,1405,10993,1,11.332472979512824,133448.0,104698.0,131480.984375,120088.2109375,9918.4013671875,7438.79931640625,11392.7958984375,1.094870040519043,0.9189220760152848,0.09189220760152847,94.98078155517578,-9.52406120300293,93.58077179715302,-10.924061760893295,4647.8076171875,128.92771911621094,61,12390.93359375,16.390466204226488,3.0,1.912088867995918,57.79543329970253,6276,11.647546207775655,1.1367551598379242,8285.59765625,1.3202035781150414,6122,11.009474028095394,1.0522206449462126,3107.19775390625,0.5075461865250327
EMA200_two_confirm_fixed_6_MAexit200,EMA,200,two_confirm,fixed_6,ma_close,,200,10470,10469,750,9719,1,7.164008023688987,78720.0,57378.0,129449.9921875,118307.671875,13958.6650390625,10469.0,11142.3232421875,1.0941808771646915,1.064315908127567,0.1064315908127567,104.95999908447266,-5.903693675994873,172.59998958333333,-12.172823528655211,5581.0712890625,179.38502502441406,95,12143.599609375,13.264686216448563,1.0,1.357345068197632,86.65334823762886,5188,7.922127987663839,1.2214190599686379,12887.99609375,2.484193541586353,5281,6.419238780533989,0.9709545245913445,-1745.6728515625,-0.3305572527101875
EMA200_two_confirm_candle_MAexit21,EMA,200,two_confirm,candle,ma_close,,21,10395,10395,2399,7996,0,23.078403078403078,100376.0,79624.0,85233.734375,77970.1875,7527.17822265625,5645.38330078125,7263.5390625,1.0931580018965583,0.6987531565656566,0.06987531565656566,41.84076690673828,-9.957979202270508,35.52885968111713,-9.751149012006003,2111.999267578125,54.94682693481445,36,8263.501953125,6.823953823953824,2.0,2.2200674480212506,22.026572355596453,5154,23.80675203725262,1.1518199344679698,5835.986328125,1.1323217555539387,5241,22.362144628887616,1.0361129782090077,1427.552001953125,0.27238160693629554
EMA 84_two_confirm_fixed_6_MAexit84,EMA,84,two_confirm,fixed_6,ma_close,,84,16433,16432,1453,14979,1,8.842502434274586,120744.0,87690.0,197849.671875,181101.0,21909.333984375,16432.0,16748.66796875,1.0924824925041827,1.0192714197145814,0.10192714197145814,83.09979248046875,-5.854196071624756,136.16632613558156,-12.090326457039856,6803.6904296875,383.4505310058594,83,17748.28515625,8.943281402142162,1.0,1.9863636498124684,84.85312084366099,8246,9.022556390977442,1.1505902363696399,13642.666015625,1.6544586485113995,8186,8.661128756413389,1.0343180423330205,3105.9990234375,0.3794281729095407
HMA200_two_confirm_candle_MAexit200,HMA,200,two_confirm,candle,ma_close,,200,16742,16742,2660,14082,0,15.888185401983037,188152.0,151520.0,159851.46875,146416.984375,12468.5703125,9351.4267578125,13434.4921875,1.0917549588413316,0.802442491189822,0.0802442491189822,70.73383331298828,-10.759835243225098,60.09453712406015,-10.397456637906547,2826.3779296875,152.1397247314453,56,14433.912109375,11.198960697646637,3.0,2.7530937443512538,40.07013338349856,8413,16.08225365505765,1.141467691016197,10342.9130859375,1.2293965393958755,8329,15.692159923160043,1.04217386346318,3091.578369140625,0.3711824191548355
EMA200_one_break_fixed_10_MAexit200,EMA,200,one_break,fixed_10,ma_close,,200,15311,15310,1619,13691,1,10.574787720444153,151872.0,117884.0,149605.390625,137051.40625,12248.001953125,9186.0,12553.994140625,1.091600551344215,0.8199865539271718,0.08199865539271718,93.8060531616211,-8.61032772064209,92.4060473285979,-10.01032840917391,3673.94873046875,87.3448486328125,54,13551.94921875,16.770476812540824,2.0,1.8534487266402044,38.83446811755652,7655,10.907903331156108,1.2152178509075686,14704.998046875,1.9209664332952319,7655,10.241672109732201,0.9687014172797269,-2151.001708984375,-0.2809930384042293
EMA144_two_confirm_fixed_6_MAexit144,EMA,144,two_confirm,fixed_6,ma_close,,144,12400,12400,976,11424,0,7.870967741935483,92280.0,67314.0,151522.65625,138846.0,16533.33203125,12400.0,12676.6591796875,1.0913001184765856,1.0223112241683467,0.10223112241683467,94.54917907714844,-5.892332077026367,155.2486232069672,-12.153886554621849,7516.46728515625,318.8096008300781,73,13677.384765625,11.343709677419355,1.0,1.5267094597970308,85.7547438050381,6277,8.236418671339813,1.1439365804885016,10076.998046875,1.6053844267763262,6123,7.496325330720236,1.0377660535548259,2599.66259765625,0.42457334601604607
HMA200_two_confirm_candle_MAexit55,HMA,200,two_confirm,candle,ma_close,,55,16609,16609,4369,12240,0,26.305015353121803,158320.0,125387.0,134344.03125,123207.15625,12356.763671875,9267.572265625,11136.8818359375,1.090391462143661,0.6705329541777049,0.06705329541777048,36.237125396728516,-10.244035720825195,30.749377718013275,-10.065944138071895,2553.328125,98.32646179199219,27,12136.353515625,5.358901800228792,2.0,3.0246290263109095,27.69039639757364,8344,26.629913710450626,1.1385443686212706,8522.9833984375,1.0214505511070828,8265,25.97701149425287,1.0423720823233804,2613.896728515625,0.31626094718882336
SMA 84_two_confirm_candle_MAexit55,SMA,84,two_confirm,candle,ma_close,,55,14254,14253,2566,11687,1,18.00322739072476,151552.0,122601.0,129352.9140625,118638.2890625,10457.6279296875,7843.220703125,10714.625,1.0903133809891292,0.7517452466147477,0.07517452466147477,59.06157302856445,-10.490373611450195,50.41033283807482,-10.151303932788569,4243.7587890625,171.96749877929688,43,11714.4013671875,10.936223952852032,2.0,2.3000580669631434,31.127135023621445,7090,18.702397743300423,1.1911513732238777,11147.62890625,1.572303089739069,7163,17.311182465447438,0.9928214792221165,-433.00341796875,-0.0604500094888664
SMA144_two_confirm_fixed_10_MAexit84,SMA,144,two_confirm,fixed_10,ma_close,,84,10901,10901,2110,8791,0,19.35602238326759,106040.0,82274.0,103086.0,94581.40625,8720.8017578125,6540.59912109375,8504.59375,1.0899182417262907,0.7801663838179983,0.07801663838179983,50.255924224853516,-9.35888957977295,48.85592417061611,-10.758890484586509,3407.62841796875,136.40347290039062,41,9504.9130859375,11.501788826713145,1.0,1.8579286704791957,37.96937954807038,5476,19.886778670562457,1.1316043868128938,6199.59765625,1.132139820352447,5425,18.820276497695854,1.04855313104494,2304.99755859375,0.4248843425979263
SMA144_two_confirm_fixed_6_MAexit55,SMA,144,two_confirm,fixed_6,ma_close,,55,10920,10920,1751,9169,0,16.034798534798536,74400.0,53196.0,119914.328125,110054.3359375,14559.998046875,10920.0,9859.9951171875,1.08959203745593,0.9029299557864011,0.09029299557864011,42.49000549316406,-5.801723003387451,68.48333987721303,-12.002872280237758,6129.0849609375,291.2138977050781,47,10859.806640625,6.6024725274725276,1.0,1.7363175831193935,52.78398931314539,5489,16.760794315904537,1.123618690819361,6775.6640625,1.2344077359263983,5431,15.30104953047321,1.0558316776613468,3084.329345703125,0.5679118662682977
EMA200_two_confirm_fixed_10_MAexit9,EMA,200,two_confirm,fixed_10,ma_close,,9,10469,10469,2424,8045,0,23.154073932562806,89368.0,67650.0,85974.40625,78913.0,8375.201171875,6281.3994140625,7061.39453125,1.0894834342883934,0.6745051610707804,0.06745051610707804,36.86798858642578,-8.408949851989746,35.46798937706271,-9.808949658172779,1633.60546875,68.60456848144531,39,8061.810546875,4.502149202407106,2.0,2.4056556373359386,21.07460996086222,5188,24.11333847340015,1.1700404112315606,6560.7978515625,1.2646102258216076,5281,22.211702329104334,1.0124129781510083,500.5972595214844,0.0947921339749071
EMA 55_two_confirm_candle_MAexit55,EMA,55,two_confirm,candle,ma_close,,55,20078,20077,3159,16918,1,15.734422473477114,214760.0,174739.0,185712.453125,170490.71875,14546.484375,10909.86328125,15221.7421875,1.0892818945606093,0.7581681619514867,0.07581681619514867,67.98353576660156,-10.328584671020508,58.788367560937004,-10.077474804941483,3207.4248046875,110.98666381835938,48,16221.0361328125,11.101409573143398,3.0,2.7344130427657345,39.72206348073244,9990,16.416416416416414,1.1901252751118203,15978.6171875,1.5994611799299299,10087,15.058986814712005,0.9912447557098869,-756.875244140625,-0.0750347223297933
EMA144_two_confirm_fixed_8_MAexit84,EMA,144,two_confirm,fixed_8,ma_close,,84,12393,12393,1617,10776,0,13.047688211086905,107536.0,81568.0,131590.25,120818.0,12393.0,9294.75,10772.25,1.089160969391978,0.8692205277172598,0.08692205277172597,66.50340270996094,-7.569413661956787,81.37925170068027,-11.211766889383815,5370.5,113.30766296386719,53,11772.25,10.31364479948358,2.0,1.827991569535756,42.87921774778908,6273,13.374780806631595,1.0812876750631173,4942.25,0.7878606727243743,6120,12.712418300653594,1.097136716179178,5830.0,0.9526143790849673
EMA200_two_confirm_candle_MAexit84,EMA,200,two_confirm,candle,ma_close,,84,10339,10339,2055,8284,0,19.876196924267337,107104.0,86627.0,91175.21875,83711.7265625,7485.6376953125,5614.228515625,7463.48828125,1.0891570690747572,0.7218771913386207,0.07218771913386207,52.118736267089844,-10.457146644592285,44.36750304136253,-10.105230149987928,3738.49951171875,127.10691833496094,46,8463.453125,12.430022245865171,2.0,1.74504129983421,25.534758084956554,5129,20.35484499902515,1.1268927351491123,5237.06591796875,1.0210695882177325,5210,19.404990403071018,1.05246030436998,2226.42236328125,0.4273363461192418
SMA 84_two_confirm_fixed_10_MAexit84,SMA,84,two_confirm,fixed_10,ma_close,,84,14390,14389,1716,12673,1,11.92577663492946,153368.0,120868.0,150965.578125,138610.1875,11511.2021484375,8633.400390625,12355.396484375,1.0891376806268298,0.8586695728942247,0.08586695728942248,89.37528991699219,-9.537442207336426,87.97527862762237,-10.937440819064152,3881.615234375,78.20242309570312,61,13352.9775390625,13.420112586003198,3.0,2.1618743355020174,58.82632185580067,7152,12.486017897091722,1.1943888586016496,13293.19921875,1.858668794567953,7237,11.372115517479617,0.9866457178132485,-937.80126953125,-0.12958425722416056
SMA 55_one_break_candle_MAexit34,SMA,55,one_break,candle,ma_close,,34,24158,24157,6058,18099,1,25.077617253798074,248272.0,199069.0,171759.15625,157794.875,14139.7685546875,10604.8271484375,13964.27734375,1.0884964182138361,0.5780633913047978,0.05780633913047978,40.98250198364258,-10.998894691467285,28.352452335754375,-8.718430576274931,2006.494140625,102.19915771484375,35,14963.51953125,8.327938071780435,2.0,3.1206021998174305,25.932581415043924,12082,25.128290018208904,1.1292181545098126,10142.478515625,0.8394701635180434,12075,25.026915113871635,1.0481919093863248,3821.79833984375,0.3165050384963768
EMA200_two_confirm_fixed_6_MAexit9,EMA,200,two_confirm,fixed_6,ma_close,,9,10470,10470,1790,8680,0,17.096466093600764,67624.0,47676.0,108530.0,99713.3359375,13959.998046875,10470.0,8816.6650390625,1.088420109302393,0.8420883513908787,0.08420883513908786,37.778770446777344,-5.492626667022705,60.63128491620112,-11.487711513536865,2688.84130859375,71.63802337646484,45,9816.2001953125,3.5501432664756445,1.0,2.040770439384067,30.96909075712087,5189,17.99961456928117,1.1708621177396343,8318.998046875,1.6031986985690885,5281,16.20905131603863,1.0097534143802058,497.666015625,0.09423707927002462
